Time,CH A,
0.E+0,-1.9173E-1,
1.0005E-7,4.827E-2,
2.001E-7,-1.9173E-1,
3.0015E-7,4.827E-2,
4.002E-7,-1.9173E-1,
5.0025E-7,4.827E-2,
6.003E-7,-1.9173E-1,
7.0035E-7,4.827E-2,
8.004E-7,-1.9173E-1,
9.0045E-7,4.827E-2,
1.0005E-6,-1.9173E-1,
1.10055E-6,4.827E-2,
1.2006E-6,-1.9173E-1,
1.30065E-6,1.2827E-1,
1.4007E-6,-1.9173E-1,
1.50075E-6,4.827E-2,
1.6008E-6,-1.9173E-1,
1.70085E-6,4.827E-2,
1.8009E-6,-1.1173E-1,
1.90095E-6,1.2827E-1,
2.001E-6,-1.1173E-1,
2.10105E-6,1.2827E-1,
2.2011E-6,-1.9173E-1,
2.30115E-6,4.827E-2,
2.4012E-6,-1.9173E-1,
2.50125E-6,4.827E-2,
2.6013E-6,-1.9173E-1,
2.70135E-6,4.827E-2,
2.8014E-6,-1.9173E-1,
2.90145E-6,4.827E-2,
3.0015E-6,-1.9173E-1,
3.10155E-6,4.827E-2,
3.2016E-6,-1.9173E-1,
3.30165E-6,4.827E-2,
3.4017E-6,-1.9173E-1,
3.50175E-6,4.827E-2,
3.6018E-6,-1.9173E-1,
3.70185E-6,4.827E-2,
3.8019E-6,-1.9173E-1,
3.90195E-6,4.827E-2,
4.002E-6,-1.9173E-1,
4.10205E-6,4.827E-2,
4.2021E-6,-1.1173E-1,
4.30215E-6,4.827E-2,
4.4022E-6,-1.1173E-1,
4.50225E-6,4.827E-2,
4.6023E-6,-1.9173E-1,
4.70235E-6,4.827E-2,
4.8024E-6,-1.9173E-1,
4.90245E-6,4.827E-2,
5.0025E-6,-1.9173E-1,
5.10255E-6,4.827E-2,
5.2026E-6,-1.9173E-1,
5.30265E-6,4.827E-2,
5.4027E-6,-1.9173E-1,
5.50275E-6,4.827E-2,
5.6028E-6,-1.9173E-1,
5.70285E-6,4.827E-2,
5.8029E-6,-1.1173E-1,
5.90295E-6,4.827E-2,
6.003E-6,-1.9173E-1,
6.10305E-6,4.827E-2,
6.2031E-6,-1.9173E-1,
6.30315E-6,4.827E-2,
6.4032E-6,-1.9173E-1,
6.50325E-6,4.827E-2,
6.6033E-6,-1.9173E-1,
6.70335E-6,4.827E-2,
6.8034E-6,-1.9173E-1,
6.90345E-6,1.2827E-1,
7.0035E-6,-1.9173E-1,
7.10355E-6,4.827E-2,
7.2036E-6,-1.9173E-1,
7.30365E-6,4.827E-2,
7.4037E-6,-1.9173E-1,
7.50375E-6,4.827E-2,
7.6038E-6,-1.9173E-1,
7.70385E-6,4.827E-2,
7.8039E-6,-1.9173E-1,
7.90395E-6,4.827E-2,
8.004E-6,-1.9173E-1,
8.10405E-6,4.827E-2,
8.2041E-6,-1.9173E-1,
8.30415E-6,4.827E-2,
8.4042E-6,-1.9173E-1,
8.50425E-6,4.827E-2,
8.6043E-6,-1.9173E-1,
8.70435E-6,4.827E-2,
8.8044E-6,-1.9173E-1,
8.90445E-6,1.2827E-1,
9.0045E-6,-1.9173E-1,
9.10455E-6,4.827E-2,
9.2046E-6,-1.9173E-1,
9.30465E-6,4.827E-2,
9.4047E-6,-1.1173E-1,
9.50475E-6,4.827E-2,
9.6048E-6,-1.9173E-1,
9.70485E-6,4.827E-2,
9.8049E-6,-1.1173E-1,
9.90495E-6,4.827E-2,
1.0005E-5,-1.9173E-1,
1.01051E-5,4.827E-2,
1.02051E-5,-1.9173E-1,
1.03052E-5,4.827E-2,
1.04052E-5,-1.9173E-1,
1.05053E-5,4.827E-2,
1.06053E-5,-1.9173E-1,
1.07054E-5,4.827E-2,
1.08054E-5,-1.9173E-1,
1.09055E-5,4.827E-2,
1.10055E-5,-1.9173E-1,
1.11056E-5,4.827E-2,
1.12056E-5,-1.1173E-1,
1.13057E-5,4.827E-2,
1.14057E-5,-1.9173E-1,
1.15058E-5,4.827E-2,
1.16058E-5,-1.9173E-1,
1.17059E-5,4.827E-2,
1.18059E-5,-1.9173E-1,
1.1906E-5,4.827E-2,
1.2006E-5,-1.9173E-1,
1.21061E-5,4.827E-2,
1.22061E-5,-1.9173E-1,
1.23062E-5,4.827E-2,
1.24062E-5,-1.9173E-1,
1.25063E-5,1.2827E-1,
1.26063E-5,-1.9173E-1,
1.27064E-5,4.827E-2,
1.28064E-5,-1.9173E-1,
1.29065E-5,4.827E-2,
1.30065E-5,-1.9173E-1,
1.31066E-5,4.827E-2,
1.32066E-5,-1.9173E-1,
1.33067E-5,4.827E-2,
1.34067E-5,-1.1173E-1,
1.35068E-5,4.827E-2,
1.36068E-5,-1.9173E-1,
1.37069E-5,4.827E-2,
1.38069E-5,-1.9173E-1,
1.3907E-5,4.827E-2,
1.4007E-5,-1.1173E-1,
1.41071E-5,4.827E-2,
1.42071E-5,-1.9173E-1,
1.43072E-5,4.827E-2,
1.44072E-5,-1.9173E-1,
1.45073E-5,4.827E-2,
1.46073E-5,-1.9173E-1,
1.47074E-5,4.827E-2,
1.48074E-5,-1.9173E-1,
1.49075E-5,4.827E-2,
1.50075E-5,-1.9173E-1,
1.51076E-5,4.827E-2,
1.52076E-5,-1.9173E-1,
1.53077E-5,4.827E-2,
1.54077E-5,-1.1173E-1,
1.55078E-5,4.827E-2,
1.56078E-5,-1.1173E-1,
1.57079E-5,4.827E-2,
1.58079E-5,-1.1173E-1,
1.5908E-5,4.827E-2,
1.6008E-5,-1.9173E-1,
1.61081E-5,4.827E-2,
1.62081E-5,-1.9173E-1,
1.63082E-5,4.827E-2,
1.64082E-5,-1.9173E-1,
1.65083E-5,1.2827E-1,
1.66083E-5,-1.9173E-1,
1.67084E-5,4.827E-2,
1.68084E-5,-1.9173E-1,
1.69085E-5,4.827E-2,
1.70085E-5,-1.1173E-1,
1.71086E-5,4.827E-2,
1.72086E-5,-1.1173E-1,
1.73087E-5,4.827E-2,
1.74087E-5,-1.1173E-1,
1.75088E-5,4.827E-2,
1.76088E-5,-1.1173E-1,
1.77089E-5,4.827E-2,
1.78089E-5,-1.9173E-1,
1.7909E-5,4.827E-2,
1.8009E-5,-1.1173E-1,
1.81091E-5,4.827E-2,
1.82091E-5,-1.1173E-1,
1.83092E-5,4.827E-2,
1.84092E-5,-1.9173E-1,
1.85093E-5,1.2827E-1,
1.86093E-5,-1.9173E-1,
1.87094E-5,4.827E-2,
1.88094E-5,-1.1173E-1,
1.89095E-5,4.827E-2,
1.90095E-5,-1.1173E-1,
1.91096E-5,1.2827E-1,
1.92096E-5,-1.1173E-1,
1.93097E-5,4.827E-2,
1.94097E-5,-1.9173E-1,
1.95098E-5,4.827E-2,
1.96098E-5,-1.9173E-1,
1.97099E-5,4.827E-2,
1.98099E-5,-1.9173E-1,
1.991E-5,4.827E-2,
2.001E-5,-1.9173E-1,
2.01101E-5,4.827E-2,
2.02101E-5,-1.9173E-1,
2.03102E-5,4.827E-2,
2.04102E-5,-1.1173E-1,
2.05103E-5,4.827E-2,
2.06103E-5,-1.1173E-1,
2.07104E-5,4.827E-2,
2.08104E-5,-1.1173E-1,
2.09105E-5,4.827E-2,
2.10105E-5,-1.1173E-1,
2.11106E-5,4.827E-2,
2.12106E-5,-1.1173E-1,
2.13107E-5,4.827E-2,
2.14107E-5,-1.1173E-1,
2.15108E-5,4.827E-2,
2.16108E-5,-1.1173E-1,
2.17109E-5,1.2827E-1,
2.18109E-5,-1.9173E-1,
2.1911E-5,4.827E-2,
2.2011E-5,-1.1173E-1,
2.21111E-5,4.827E-2,
2.22111E-5,-1.9173E-1,
2.23112E-5,4.827E-2,
2.24112E-5,-1.1173E-1,
2.25113E-5,1.2827E-1,
2.26113E-5,-1.1173E-1,
2.27114E-5,4.827E-2,
2.28114E-5,-1.1173E-1,
2.29115E-5,4.827E-2,
2.30115E-5,-1.1173E-1,
2.31116E-5,4.827E-2,
2.32116E-5,-1.1173E-1,
2.33117E-5,1.2827E-1,
2.34117E-5,-1.1173E-1,
2.35118E-5,4.827E-2,
2.36118E-5,-1.1173E-1,
2.37119E-5,4.827E-2,
2.38119E-5,-1.1173E-1,
2.3912E-5,4.827E-2,
2.4012E-5,-1.1173E-1,
2.41121E-5,1.2827E-1,
2.42121E-5,-1.1173E-1,
2.43122E-5,4.827E-2,
2.44122E-5,-1.1173E-1,
2.45123E-5,1.2827E-1,
2.46123E-5,-1.1173E-1,
2.47124E-5,4.827E-2,
2.48124E-5,-1.1173E-1,
2.49125E-5,1.2827E-1,
2.50125E-5,-1.9173E-1,
2.51126E-5,4.827E-2,
2.52126E-5,-1.1173E-1,
2.53127E-5,4.827E-2,
2.54127E-5,-1.1173E-1,
2.55128E-5,4.827E-2,
2.56128E-5,-1.1173E-1,
2.57129E-5,1.2827E-1,
2.58129E-5,-1.9173E-1,
2.5913E-5,4.827E-2,
2.6013E-5,-1.1173E-1,
2.61131E-5,1.2827E-1,
2.62131E-5,-1.1173E-1,
2.63132E-5,4.827E-2,
2.64132E-5,-1.1173E-1,
2.65133E-5,4.827E-2,
2.66133E-5,-1.1173E-1,
2.67134E-5,1.2827E-1,
2.68134E-5,-1.1173E-1,
2.69135E-5,4.827E-2,
2.70135E-5,-1.1173E-1,
2.71136E-5,4.827E-2,
2.72136E-5,-1.1173E-1,
2.73137E-5,1.2827E-1,
2.74137E-5,-1.1173E-1,
2.75138E-5,4.827E-2,
2.76138E-5,-1.1173E-1,
2.77139E-5,4.827E-2,
2.78139E-5,-1.1173E-1,
2.7914E-5,4.827E-2,
2.8014E-5,-1.1173E-1,
2.81141E-5,4.827E-2,
2.82141E-5,-1.9173E-1,
2.83142E-5,4.827E-2,
2.84142E-5,-1.9173E-1,
2.85143E-5,4.827E-2,
2.86143E-5,-1.1173E-1,
2.87144E-5,1.2827E-1,
2.88144E-5,-1.1173E-1,
2.89145E-5,4.827E-2,
2.90145E-5,-1.1173E-1,
2.91146E-5,4.827E-2,
2.92146E-5,-1.9173E-1,
2.93147E-5,1.2827E-1,
2.94147E-5,-1.1173E-1,
2.95148E-5,4.827E-2,
2.96148E-5,-1.1173E-1,
2.97149E-5,4.827E-2,
2.98149E-5,-1.1173E-1,
2.9915E-5,1.2827E-1,
3.0015E-5,-1.1173E-1,
3.01151E-5,4.827E-2,
3.02151E-5,-1.1173E-1,
3.03152E-5,1.2827E-1,
3.04152E-5,-1.1173E-1,
3.05153E-5,1.2827E-1,
3.06153E-5,-1.1173E-1,
3.07154E-5,1.2827E-1,
3.08154E-5,-1.1173E-1,
3.09155E-5,4.827E-2,
3.10155E-5,-1.1173E-1,
3.11156E-5,1.2827E-1,
3.12156E-5,-1.1173E-1,
3.13157E-5,4.827E-2,
3.14157E-5,-1.9173E-1,
3.15158E-5,1.2827E-1,
3.16158E-5,-1.1173E-1,
3.17159E-5,4.827E-2,
3.18159E-5,-1.9173E-1,
3.1916E-5,4.827E-2,
3.2016E-5,-1.1173E-1,
3.21161E-5,4.827E-2,
3.22161E-5,-1.1173E-1,
3.23162E-5,1.2827E-1,
3.24162E-5,-1.1173E-1,
3.25163E-5,4.827E-2,
3.26163E-5,-1.1173E-1,
3.27164E-5,4.827E-2,
3.28164E-5,-1.9173E-1,
3.29165E-5,1.2827E-1,
3.30165E-5,-1.1173E-1,
3.31166E-5,1.2827E-1,
3.32166E-5,-1.1173E-1,
3.33167E-5,4.827E-2,
3.34167E-5,-1.1173E-1,
3.35168E-5,1.2827E-1,
3.36168E-5,-1.1173E-1,
3.37169E-5,4.827E-2,
3.38169E-5,-1.1173E-1,
3.3917E-5,4.827E-2,
3.4017E-5,-1.1173E-1,
3.41171E-5,4.827E-2,
3.42171E-5,-1.1173E-1,
3.43172E-5,4.827E-2,
3.44172E-5,-1.1173E-1,
3.45173E-5,1.2827E-1,
3.46173E-5,-1.1173E-1,
3.47174E-5,4.827E-2,
3.48174E-5,-1.1173E-1,
3.49175E-5,4.827E-2,
3.50175E-5,-1.9173E-1,
3.51176E-5,4.827E-2,
3.52176E-5,-1.1173E-1,
3.53177E-5,1.2827E-1,
3.54177E-5,-1.1173E-1,
3.55178E-5,1.2827E-1,
3.56178E-5,-1.1173E-1,
3.57179E-5,4.827E-2,
3.58179E-5,-1.1173E-1,
3.5918E-5,4.827E-2,
3.6018E-5,-1.1173E-1,
3.61181E-5,1.2827E-1,
3.62181E-5,-1.1173E-1,
3.63182E-5,1.2827E-1,
3.64182E-5,-1.1173E-1,
3.65183E-5,1.2827E-1,
3.66183E-5,-1.1173E-1,
3.67184E-5,1.2827E-1,
3.68184E-5,-1.1173E-1,
3.69185E-5,1.2827E-1,
3.70185E-5,-1.1173E-1,
3.71186E-5,1.2827E-1,
3.72186E-5,-1.1173E-1,
3.73187E-5,1.2827E-1,
3.74187E-5,-1.1173E-1,
3.75188E-5,1.2827E-1,
3.76188E-5,-1.1173E-1,
3.77189E-5,4.827E-2,
3.78189E-5,-1.1173E-1,
3.7919E-5,1.2827E-1,
3.8019E-5,-1.1173E-1,
3.81191E-5,4.827E-2,
3.82191E-5,-1.1173E-1,
3.83192E-5,1.2827E-1,
3.84192E-5,-1.1173E-1,
3.85193E-5,1.2827E-1,
3.86193E-5,-1.1173E-1,
3.87194E-5,1.2827E-1,
3.88194E-5,-1.1173E-1,
3.89195E-5,4.827E-2,
3.90195E-5,-1.1173E-1,
3.91196E-5,4.827E-2,
3.92196E-5,-1.1173E-1,
3.93197E-5,1.2827E-1,
3.94197E-5,-1.1173E-1,
3.95198E-5,1.2827E-1,
3.96198E-5,-1.1173E-1,
3.97199E-5,1.2827E-1,
3.98199E-5,-1.1173E-1,
3.992E-5,1.2827E-1,
4.002E-5,-1.1173E-1,
4.01201E-5,1.2827E-1,
4.02201E-5,-1.1173E-1,
4.03202E-5,1.2827E-1,
4.04202E-5,-1.1173E-1,
4.05203E-5,1.2827E-1,
4.06203E-5,-1.1173E-1,
4.07204E-5,1.2827E-1,
4.08204E-5,-1.1173E-1,
4.09205E-5,4.827E-2,
4.10205E-5,-1.1173E-1,
4.11206E-5,1.2827E-1,
4.12206E-5,-1.1173E-1,
4.13207E-5,1.2827E-1,
4.14207E-5,-1.1173E-1,
4.15208E-5,1.2827E-1,
4.16208E-5,-1.1173E-1,
4.17209E-5,1.2827E-1,
4.18209E-5,-1.1173E-1,
4.1921E-5,1.2827E-1,
4.2021E-5,-1.1173E-1,
4.21211E-5,1.2827E-1,
4.22211E-5,-1.1173E-1,
4.23212E-5,1.2827E-1,
4.24212E-5,-1.1173E-1,
4.25213E-5,1.2827E-1,
4.26213E-5,-1.9173E-1,
4.27214E-5,1.2827E-1,
4.28214E-5,-1.1173E-1,
4.29215E-5,1.2827E-1,
4.30215E-5,-1.1173E-1,
4.31216E-5,1.2827E-1,
4.32216E-5,-1.1173E-1,
4.33217E-5,1.2827E-1,
4.34217E-5,-1.1173E-1,
4.35218E-5,1.2827E-1,
4.36218E-5,-1.1173E-1,
4.37219E-5,1.2827E-1,
4.38219E-5,-1.1173E-1,
4.3922E-5,4.827E-2,
4.4022E-5,-1.1173E-1,
4.41221E-5,1.2827E-1,
4.42221E-5,-1.1173E-1,
4.43222E-5,1.2827E-1,
4.44222E-5,-1.1173E-1,
4.45223E-5,1.2827E-1,
4.46223E-5,-1.1173E-1,
4.47224E-5,1.2827E-1,
4.48224E-5,-1.1173E-1,
4.49225E-5,1.2827E-1,
4.50225E-5,-1.1173E-1,
4.51226E-5,1.2827E-1,
4.52226E-5,-1.1173E-1,
4.53227E-5,1.2827E-1,
4.54227E-5,-1.1173E-1,
4.55228E-5,1.2827E-1,
4.56228E-5,-1.1173E-1,
4.57229E-5,1.2827E-1,
4.58229E-5,-1.1173E-1,
4.5923E-5,1.2827E-1,
4.6023E-5,-1.1173E-1,
4.61231E-5,1.2827E-1,
4.62231E-5,-1.1173E-1,
4.63232E-5,1.2827E-1,
4.64232E-5,-1.1173E-1,
4.65233E-5,1.2827E-1,
4.66233E-5,-1.1173E-1,
4.67234E-5,1.2827E-1,
4.68234E-5,-1.1173E-1,
4.69235E-5,1.2827E-1,
4.70235E-5,-1.1173E-1,
4.71236E-5,1.2827E-1,
4.72236E-5,-1.1173E-1,
4.73237E-5,1.2827E-1,
4.74237E-5,-1.1173E-1,
4.75238E-5,1.2827E-1,
4.76238E-5,-1.1173E-1,
4.77239E-5,1.2827E-1,
4.78239E-5,-1.1173E-1,
4.7924E-5,1.2827E-1,
4.8024E-5,-1.1173E-1,
4.81241E-5,4.827E-2,
4.82241E-5,-1.1173E-1,
4.83242E-5,1.2827E-1,
4.84242E-5,-1.1173E-1,
4.85243E-5,1.2827E-1,
4.86243E-5,-1.1173E-1,
4.87244E-5,1.2827E-1,
4.88244E-5,-1.1173E-1,
4.89245E-5,1.2827E-1,
4.90245E-5,-1.1173E-1,
4.91246E-5,1.2827E-1,
4.92246E-5,-1.1173E-1,
4.93247E-5,1.2827E-1,
4.94247E-5,-1.1173E-1,
4.95248E-5,1.2827E-1,
4.96248E-5,-1.1173E-1,
4.97249E-5,1.2827E-1,
4.98249E-5,-1.1173E-1,
4.9925E-5,1.2827E-1,
5.0025E-5,-1.1173E-1,
5.01251E-5,1.2827E-1,
5.02251E-5,-1.1173E-1,
5.03252E-5,1.2827E-1,
5.04252E-5,-1.1173E-1,
5.05253E-5,1.2827E-1,
5.06253E-5,-1.1173E-1,
5.07254E-5,1.2827E-1,
5.08254E-5,-1.1173E-1,
5.09255E-5,1.2827E-1,
5.10255E-5,-1.1173E-1,
5.11256E-5,1.2827E-1,
5.12256E-5,-1.1173E-1,
5.13257E-5,1.2827E-1,
5.14257E-5,-1.1173E-1,
5.15258E-5,1.2827E-1,
5.16258E-5,-1.1173E-1,
5.17259E-5,1.2827E-1,
5.18259E-5,-1.1173E-1,
5.1926E-5,1.2827E-1,
5.2026E-5,-1.1173E-1,
5.21261E-5,1.2827E-1,
5.22261E-5,-1.1173E-1,
5.23262E-5,1.2827E-1,
5.24262E-5,-1.1173E-1,
5.25263E-5,1.2827E-1,
5.26263E-5,-3.173E-2,
5.27264E-5,1.2827E-1,
5.28264E-5,-1.1173E-1,
5.29265E-5,1.2827E-1,
5.30265E-5,-3.173E-2,
5.31266E-5,1.2827E-1,
5.32266E-5,-1.1173E-1,
5.33267E-5,1.2827E-1,
5.34267E-5,-1.1173E-1,
5.35268E-5,1.2827E-1,
5.36268E-5,-1.1173E-1,
5.37269E-5,1.2827E-1,
5.38269E-5,-1.1173E-1,
5.3927E-5,1.2827E-1,
5.4027E-5,-1.1173E-1,
5.41271E-5,1.2827E-1,
5.42271E-5,-1.1173E-1,
5.43272E-5,1.2827E-1,
5.44272E-5,-1.1173E-1,
5.45273E-5,1.2827E-1,
5.46273E-5,-1.1173E-1,
5.47274E-5,1.2827E-1,
5.48274E-5,-1.1173E-1,
5.49275E-5,1.2827E-1,
5.50275E-5,-3.173E-2,
5.51276E-5,1.2827E-1,
5.52276E-5,-3.173E-2,
5.53277E-5,1.2827E-1,
5.54277E-5,-1.1173E-1,
5.55278E-5,1.2827E-1,
5.56278E-5,-1.1173E-1,
5.57279E-5,1.2827E-1,
5.58279E-5,-1.1173E-1,
5.5928E-5,1.2827E-1,
5.6028E-5,-3.173E-2,
5.61281E-5,2.0827E-1,
5.62281E-5,-1.1173E-1,
5.63282E-5,1.2827E-1,
5.64282E-5,-3.173E-2,
5.65283E-5,1.2827E-1,
5.66283E-5,-3.173E-2,
5.67284E-5,1.2827E-1,
5.68284E-5,-1.1173E-1,
5.69285E-5,1.2827E-1,
5.70285E-5,-1.1173E-1,
5.71286E-5,1.2827E-1,
5.72286E-5,-3.173E-2,
5.73287E-5,1.2827E-1,
5.74287E-5,-3.173E-2,
5.75288E-5,1.2827E-1,
5.76288E-5,-1.1173E-1,
5.77289E-5,1.2827E-1,
5.78289E-5,-3.173E-2,
5.7929E-5,1.2827E-1,
5.8029E-5,-3.173E-2,
5.81291E-5,1.2827E-1,
5.82291E-5,-3.173E-2,
5.83292E-5,1.2827E-1,
5.84292E-5,-3.173E-2,
5.85293E-5,1.2827E-1,
5.86293E-5,-1.1173E-1,
5.87294E-5,1.2827E-1,
5.88294E-5,-3.173E-2,
5.89295E-5,1.2827E-1,
5.90295E-5,-3.173E-2,
5.91296E-5,1.2827E-1,
5.92296E-5,-1.1173E-1,
5.93297E-5,2.0827E-1,
5.94297E-5,-3.173E-2,
5.95298E-5,1.2827E-1,
5.96298E-5,-1.1173E-1,
5.97299E-5,1.2827E-1,
5.98299E-5,-3.173E-2,
5.993E-5,1.2827E-1,
6.003E-5,-1.1173E-1,
6.01301E-5,1.2827E-1,
6.02301E-5,-1.1173E-1,
6.03302E-5,1.2827E-1,
6.04302E-5,-3.173E-2,
6.05303E-5,2.0827E-1,
6.06303E-5,-1.1173E-1,
6.07304E-5,1.2827E-1,
6.08304E-5,-3.173E-2,
6.09305E-5,1.2827E-1,
6.10305E-5,-3.173E-2,
6.11306E-5,2.0827E-1,
6.12306E-5,-3.173E-2,
6.13307E-5,1.2827E-1,
6.14307E-5,-1.1173E-1,
6.15308E-5,1.2827E-1,
6.16308E-5,-1.1173E-1,
6.17309E-5,1.2827E-1,
6.18309E-5,-1.1173E-1,
6.1931E-5,2.0827E-1,
6.2031E-5,-1.1173E-1,
6.21311E-5,1.2827E-1,
6.22311E-5,-1.1173E-1,
6.23312E-5,2.0827E-1,
6.24312E-5,-3.173E-2,
6.25313E-5,2.0827E-1,
6.26313E-5,-3.173E-2,
6.27314E-5,1.2827E-1,
6.28314E-5,-3.173E-2,
6.29315E-5,2.0827E-1,
6.30315E-5,-3.173E-2,
6.31316E-5,1.2827E-1,
6.32316E-5,-3.173E-2,
6.33317E-5,2.0827E-1,
6.34317E-5,-3.173E-2,
6.35318E-5,1.2827E-1,
6.36318E-5,-3.173E-2,
6.37319E-5,2.0827E-1,
6.38319E-5,-3.173E-2,
6.3932E-5,1.2827E-1,
6.4032E-5,-3.173E-2,
6.41321E-5,1.2827E-1,
6.42321E-5,-3.173E-2,
6.43322E-5,1.2827E-1,
6.44322E-5,-3.173E-2,
6.45323E-5,2.0827E-1,
6.46323E-5,-3.173E-2,
6.47324E-5,2.0827E-1,
6.48324E-5,-3.173E-2,
6.49325E-5,1.2827E-1,
6.50325E-5,-3.173E-2,
6.51326E-5,2.0827E-1,
6.52326E-5,-3.173E-2,
6.53327E-5,2.0827E-1,
6.54327E-5,-3.173E-2,
6.55328E-5,2.0827E-1,
6.56328E-5,-3.173E-2,
6.57329E-5,2.0827E-1,
6.58329E-5,-3.173E-2,
6.5933E-5,2.0827E-1,
6.6033E-5,-3.173E-2,
6.61331E-5,2.0827E-1,
6.62331E-5,-3.173E-2,
6.63332E-5,2.0827E-1,
6.64332E-5,-3.173E-2,
6.65333E-5,2.0827E-1,
6.66333E-5,-3.173E-2,
6.67334E-5,2.0827E-1,
6.68334E-5,-3.173E-2,
6.69335E-5,2.0827E-1,
6.70335E-5,-3.173E-2,
6.71336E-5,2.0827E-1,
6.72336E-5,-3.173E-2,
6.73337E-5,2.0827E-1,
6.74337E-5,-3.173E-2,
6.75338E-5,2.0827E-1,
6.76338E-5,-3.173E-2,
6.77339E-5,2.0827E-1,
6.78339E-5,-3.173E-2,
6.7934E-5,2.0827E-1,
6.8034E-5,-3.173E-2,
6.81341E-5,2.8827E-1,
6.82341E-5,-3.173E-2,
6.83342E-5,2.0827E-1,
6.84342E-5,4.827E-2,
6.85343E-5,2.8827E-1,
6.86343E-5,-3.173E-2,
6.87344E-5,2.8827E-1,
6.88344E-5,4.827E-2,
6.89345E-5,2.8827E-1,
6.90345E-5,4.827E-2,
6.91346E-5,2.8827E-1,
6.92346E-5,4.827E-2,
6.93347E-5,2.8827E-1,
6.94347E-5,4.827E-2,
6.95348E-5,2.8827E-1,
6.96348E-5,4.827E-2,
6.97349E-5,2.8827E-1,
6.98349E-5,4.827E-2,
6.9935E-5,3.6827E-1,
7.0035E-5,1.2827E-1,
7.01351E-5,2.8827E-1,
7.02351E-5,4.827E-2,
7.03352E-5,3.6827E-1,
7.04352E-5,1.2827E-1,
7.05353E-5,3.6827E-1,
7.06353E-5,1.2827E-1,
7.07354E-5,3.6827E-1,
7.08354E-5,1.2827E-1,
7.09355E-5,3.6827E-1,
7.10355E-5,1.2827E-1,
7.11356E-5,3.6827E-1,
7.12356E-5,1.2827E-1,
7.13357E-5,4.4827E-1,
7.14357E-5,1.2827E-1,
7.15358E-5,4.4827E-1,
7.16358E-5,2.0827E-1,
7.17359E-5,4.4827E-1,
7.18359E-5,2.0827E-1,
7.1936E-5,4.4827E-1,
7.2036E-5,2.0827E-1,
7.21361E-5,4.4827E-1,
7.22361E-5,2.0827E-1,
7.23362E-5,4.4827E-1,
7.24362E-5,2.0827E-1,
7.25363E-5,5.2827E-1,
7.26363E-5,2.8827E-1,
7.27364E-5,5.2827E-1,
7.28364E-5,2.8827E-1,
7.29365E-5,5.2827E-1,
7.30365E-5,2.8827E-1,
7.31366E-5,5.2827E-1,
7.32366E-5,2.8827E-1,
7.33367E-5,5.2827E-1,
7.34367E-5,2.8827E-1,
7.35368E-5,5.2827E-1,
7.36368E-5,2.8827E-1,
7.37369E-5,5.2827E-1,
7.38369E-5,2.8827E-1,
7.3937E-5,5.2827E-1,
7.4037E-5,3.6827E-1,
7.41371E-5,6.0827E-1,
7.42371E-5,3.6827E-1,
7.43372E-5,6.0827E-1,
7.44372E-5,3.6827E-1,
7.45373E-5,6.0827E-1,
7.46373E-5,3.6827E-1,
7.47374E-5,6.0827E-1,
7.48374E-5,4.4827E-1,
7.49375E-5,6.0827E-1,
7.50375E-5,4.4827E-1,
7.51376E-5,6.8827E-1,
7.52376E-5,4.4827E-1,
7.53377E-5,6.8827E-1,
7.54377E-5,4.4827E-1,
7.55378E-5,6.8827E-1,
7.56378E-5,4.4827E-1,
7.57379E-5,6.8827E-1,
7.58379E-5,4.4827E-1,
7.5938E-5,6.8827E-1,
7.6038E-5,5.2827E-1,
7.61381E-5,7.6827E-1,
7.62381E-5,5.2827E-1,
7.63382E-5,7.6827E-1,
7.64382E-5,5.2827E-1,
7.65383E-5,7.6827E-1,
7.66383E-5,5.2827E-1,
7.67384E-5,7.6827E-1,
7.68384E-5,5.2827E-1,
7.69385E-5,7.6827E-1,
7.70385E-5,5.2827E-1,
7.71386E-5,7.6827E-1,
7.72386E-5,6.0827E-1,
7.73387E-5,7.6827E-1,
7.74387E-5,6.0827E-1,
7.75388E-5,7.6827E-1,
7.76388E-5,6.0827E-1,
7.77389E-5,8.4827E-1,
7.78389E-5,6.0827E-1,
7.7939E-5,8.4827E-1,
7.8039E-5,6.0827E-1,
7.81391E-5,8.4827E-1,
7.82391E-5,6.0827E-1,
7.83392E-5,8.4827E-1,
7.84392E-5,6.0827E-1,
7.85393E-5,8.4827E-1,
7.86393E-5,6.8827E-1,
7.87394E-5,8.4827E-1,
7.88394E-5,6.8827E-1,
7.89395E-5,9.2827E-1,
7.90395E-5,6.8827E-1,
7.91396E-5,9.2827E-1,
7.92396E-5,6.8827E-1,
7.93397E-5,9.2827E-1,
7.94397E-5,6.8827E-1,
7.95398E-5,1.00827E+0,
7.96398E-5,7.6827E-1,
7.97399E-5,1.00827E+0,
7.98399E-5,7.6827E-1,
7.994E-5,1.00827E+0,
8.004E-5,7.6827E-1,
8.01401E-5,1.00827E+0,
8.02401E-5,7.6827E-1,
8.03402E-5,1.08827E+0,
8.04402E-5,8.4827E-1,
8.05403E-5,1.08827E+0,
8.06403E-5,8.4827E-1,
8.07404E-5,1.16827E+0,
8.08404E-5,9.2827E-1,
8.09405E-5,1.16827E+0,
8.10405E-5,9.2827E-1,
8.11406E-5,1.16827E+0,
8.12406E-5,1.00827E+0,
8.13407E-5,1.16827E+0,
8.14407E-5,1.00827E+0,
8.15408E-5,1.24827E+0,
8.16408E-5,1.08827E+0,
8.17409E-5,1.32827E+0,
8.18409E-5,1.08827E+0,
8.1941E-5,1.32827E+0,
8.2041E-5,1.16827E+0,
8.21411E-5,1.32827E+0,
8.22411E-5,1.24827E+0,
8.23412E-5,1.40827E+0,
8.24412E-5,1.24827E+0,
8.25413E-5,1.48827E+0,
8.26413E-5,1.32827E+0,
8.27414E-5,1.48827E+0,
8.28414E-5,1.32827E+0,
8.29415E-5,1.56827E+0,
8.30415E-5,1.40827E+0,
8.31416E-5,1.64827E+0,
8.32416E-5,1.48827E+0,
8.33417E-5,1.72827E+0,
8.34417E-5,1.48827E+0,
8.35418E-5,1.72827E+0,
8.36418E-5,1.56827E+0,
8.37419E-5,1.80827E+0,
8.38419E-5,1.72827E+0,
8.3942E-5,1.88827E+0,
8.4042E-5,1.80827E+0,
8.41421E-5,1.96827E+0,
8.42421E-5,1.88827E+0,
8.43422E-5,2.12827E+0,
8.44422E-5,1.96827E+0,
8.45423E-5,2.20827E+0,
8.46423E-5,2.04827E+0,
8.47424E-5,2.28827E+0,
8.48424E-5,2.12827E+0,
8.49425E-5,2.36827E+0,
8.50425E-5,2.20827E+0,
8.51426E-5,2.44827E+0,
8.52426E-5,2.36827E+0,
8.53427E-5,2.60827E+0,
8.54427E-5,2.44827E+0,
8.55428E-5,2.76827E+0,
8.56428E-5,2.60827E+0,
8.57429E-5,2.84827E+0,
8.58429E-5,2.68827E+0,
8.5943E-5,3.00827E+0,
8.6043E-5,2.84827E+0,
8.61431E-5,3.08827E+0,
8.62431E-5,2.92827E+0,
8.63432E-5,3.24827E+0,
8.64432E-5,3.08827E+0,
8.65433E-5,3.32827E+0,
8.66433E-5,3.24827E+0,
8.67434E-5,3.48827E+0,
8.68434E-5,3.32827E+0,
8.69435E-5,3.64827E+0,
8.70435E-5,3.48827E+0,
8.71436E-5,3.80827E+0,
8.72436E-5,3.64827E+0,
8.73437E-5,3.96827E+0,
8.74437E-5,3.80827E+0,
8.75438E-5,4.04827E+0,
8.76438E-5,3.96827E+0,
8.77439E-5,4.20827E+0,
8.78439E-5,4.04827E+0,
8.7944E-5,4.36827E+0,
8.8044E-5,4.28827E+0,
8.81441E-5,4.52827E+0,
8.82441E-5,4.36827E+0,
8.83442E-5,4.60827E+0,
8.84442E-5,4.52827E+0,
8.85443E-5,4.76827E+0,
8.86443E-5,4.68827E+0,
8.87444E-5,5.00827E+0,
8.88444E-5,4.84827E+0,
8.89445E-5,5.08827E+0,
8.90445E-5,5.00827E+0,
8.91446E-5,5.24827E+0,
8.92446E-5,5.08827E+0,
8.93447E-5,5.48827E+0,
8.94447E-5,5.32827E+0,
8.95448E-5,5.56827E+0,
8.96448E-5,5.48827E+0,
8.97449E-5,5.72827E+0,
8.98449E-5,5.64827E+0,
8.9945E-5,5.88827E+0,
9.0045E-5,5.72827E+0,
9.01451E-5,6.04827E+0,
9.02451E-5,5.88827E+0,
9.03452E-5,6.20827E+0,
9.04452E-5,6.12827E+0,
9.05453E-5,6.36827E+0,
9.06453E-5,6.20827E+0,
9.07454E-5,6.52827E+0,
9.08454E-5,6.36827E+0,
9.09455E-5,6.68827E+0,
9.10455E-5,6.52827E+0,
9.11456E-5,6.76827E+0,
9.12456E-5,6.68827E+0,
9.13457E-5,6.92827E+0,
9.14457E-5,6.84827E+0,
9.15458E-5,7.08827E+0,
9.16458E-5,6.92827E+0,
9.17459E-5,7.16827E+0,
9.18459E-5,7.08827E+0,
9.1946E-5,7.32827E+0,
9.2046E-5,7.24827E+0,
9.21461E-5,7.48827E+0,
9.22461E-5,7.32827E+0,
9.23462E-5,7.56827E+0,
9.24462E-5,7.48827E+0,
9.25463E-5,7.72827E+0,
9.26463E-5,7.64827E+0,
9.27464E-5,7.88827E+0,
9.28464E-5,7.72827E+0,
9.29465E-5,8.04827E+0,
9.30465E-5,7.88827E+0,
9.31466E-5,8.12827E+0,
9.32466E-5,7.96827E+0,
9.33467E-5,8.28827E+0,
9.34467E-5,8.12827E+0,
9.35468E-5,8.36827E+0,
9.36468E-5,8.20827E+0,
9.37469E-5,8.52827E+0,
9.38469E-5,8.28827E+0,
9.3947E-5,8.60827E+0,
9.4047E-5,8.44827E+0,
9.41471E-5,8.68827E+0,
9.42471E-5,8.44827E+0,
9.43472E-5,8.76827E+0,
9.44472E-5,8.60827E+0,
9.45473E-5,8.84827E+0,
9.46473E-5,8.68827E+0,
9.47474E-5,8.92827E+0,
9.48474E-5,8.76827E+0,
9.49475E-5,9.00827E+0,
9.50475E-5,8.84827E+0,
9.51476E-5,9.00827E+0,
9.52476E-5,8.92827E+0,
9.53477E-5,9.08827E+0,
9.54477E-5,8.92827E+0,
9.55478E-5,9.16827E+0,
9.56478E-5,9.00827E+0,
9.57479E-5,9.24827E+0,
9.58479E-5,9.08827E+0,
9.5948E-5,9.24827E+0,
9.6048E-5,9.08827E+0,
9.61481E-5,9.24827E+0,
9.62481E-5,9.16827E+0,
9.63482E-5,9.32827E+0,
9.64482E-5,9.16827E+0,
9.65483E-5,9.32827E+0,
9.66483E-5,9.16827E+0,
9.67484E-5,9.32827E+0,
9.68484E-5,9.16827E+0,
9.69485E-5,9.32827E+0,
9.70485E-5,9.16827E+0,
9.71486E-5,9.32827E+0,
9.72486E-5,9.16827E+0,
9.73487E-5,9.32827E+0,
9.74487E-5,9.08827E+0,
9.75488E-5,9.32827E+0,
9.76488E-5,9.08827E+0,
9.77489E-5,9.32827E+0,
9.78489E-5,9.08827E+0,
9.7949E-5,9.24827E+0,
9.8049E-5,9.00827E+0,
9.81491E-5,9.24827E+0,
9.82491E-5,9.00827E+0,
9.83492E-5,9.16827E+0,
9.84492E-5,8.92827E+0,
9.85493E-5,9.16827E+0,
9.86493E-5,8.84827E+0,
9.87494E-5,9.00827E+0,
9.88494E-5,8.76827E+0,
9.89495E-5,8.92827E+0,
9.90495E-5,8.68827E+0,
9.91496E-5,8.92827E+0,
9.92496E-5,8.52827E+0,
9.93497E-5,8.84827E+0,
9.94497E-5,8.52827E+0,
9.95498E-5,8.76827E+0,
9.96498E-5,8.36827E+0,
9.97499E-5,8.60827E+0,
9.98499E-5,8.20827E+0,
9.995E-5,8.52827E+0,
1.0005E-4,8.12827E+0,
1.0015E-4,8.44827E+0,
1.0025E-4,8.04827E+0,
1.0035E-4,8.28827E+0,
1.0045E-4,7.88827E+0,
1.0055E-4,8.12827E+0,
1.0065E-4,7.72827E+0,
1.0075E-4,8.04827E+0,
1.0085E-4,7.56827E+0,
1.0095E-4,7.88827E+0,
1.01051E-4,7.40827E+0,
1.01151E-4,7.72827E+0,
1.01251E-4,7.24827E+0,
1.01351E-4,7.56827E+0,
1.01451E-4,7.08827E+0,
1.01551E-4,7.40827E+0,
1.01651E-4,6.92827E+0,
1.01751E-4,7.16827E+0,
1.01851E-4,6.76827E+0,
1.01951E-4,7.08827E+0,
1.02051E-4,6.60827E+0,
1.02151E-4,6.92827E+0,
1.02251E-4,6.44827E+0,
1.02351E-4,6.68827E+0,
1.02451E-4,6.20827E+0,
1.02551E-4,6.52827E+0,
1.02651E-4,6.04827E+0,
1.02751E-4,6.36827E+0,
1.02851E-4,5.88827E+0,
1.02951E-4,6.20827E+0,
1.03052E-4,5.64827E+0,
1.03152E-4,5.96827E+0,
1.03252E-4,5.48827E+0,
1.03352E-4,5.80827E+0,
1.03452E-4,5.24827E+0,
1.03552E-4,5.56827E+0,
1.03652E-4,5.08827E+0,
1.03752E-4,5.40827E+0,
1.03852E-4,4.92827E+0,
1.03952E-4,5.24827E+0,
1.04052E-4,4.76827E+0,
1.04152E-4,5.08827E+0,
1.04252E-4,4.52827E+0,
1.04352E-4,4.92827E+0,
1.04452E-4,4.44827E+0,
1.04552E-4,4.76827E+0,
1.04652E-4,4.28827E+0,
1.04752E-4,4.52827E+0,
1.04852E-4,4.12827E+0,
1.04952E-4,4.36827E+0,
1.05053E-4,3.96827E+0,
1.05153E-4,4.20827E+0,
1.05253E-4,3.80827E+0,
1.05353E-4,4.12827E+0,
1.05453E-4,3.64827E+0,
1.05553E-4,3.88827E+0,
1.05653E-4,3.48827E+0,
1.05753E-4,3.80827E+0,
1.05853E-4,3.32827E+0,
1.05953E-4,3.64827E+0,
1.06053E-4,3.24827E+0,
1.06153E-4,3.48827E+0,
1.06253E-4,3.00827E+0,
1.06353E-4,3.32827E+0,
1.06453E-4,3.00827E+0,
1.06553E-4,3.24827E+0,
1.06653E-4,2.84827E+0,
1.06753E-4,3.08827E+0,
1.06853E-4,2.68827E+0,
1.06953E-4,3.00827E+0,
1.07054E-4,2.52827E+0,
1.07154E-4,2.84827E+0,
1.07254E-4,2.44827E+0,
1.07354E-4,2.76827E+0,
1.07454E-4,2.36827E+0,
1.07554E-4,2.60827E+0,
1.07654E-4,2.20827E+0,
1.07754E-4,2.52827E+0,
1.07854E-4,2.12827E+0,
1.07954E-4,2.36827E+0,
1.08054E-4,2.04827E+0,
1.08154E-4,2.28827E+0,
1.08254E-4,1.96827E+0,
1.08354E-4,2.20827E+0,
1.08454E-4,1.88827E+0,
1.08554E-4,2.12827E+0,
1.08654E-4,1.80827E+0,
1.08754E-4,2.04827E+0,
1.08854E-4,1.72827E+0,
1.08954E-4,1.96827E+0,
1.09055E-4,1.64827E+0,
1.09155E-4,1.88827E+0,
1.09255E-4,1.64827E+0,
1.09355E-4,1.88827E+0,
1.09455E-4,1.56827E+0,
1.09555E-4,1.80827E+0,
1.09655E-4,1.48827E+0,
1.09755E-4,1.72827E+0,
1.09855E-4,1.48827E+0,
1.09955E-4,1.64827E+0,
1.10055E-4,1.40827E+0,
1.10155E-4,1.56827E+0,
1.10255E-4,1.32827E+0,
1.10355E-4,1.56827E+0,
1.10455E-4,1.32827E+0,
1.10555E-4,1.48827E+0,
1.10655E-4,1.24827E+0,
1.10755E-4,1.48827E+0,
1.10855E-4,1.16827E+0,
1.10955E-4,1.40827E+0,
1.11056E-4,1.16827E+0,
1.11156E-4,1.40827E+0,
1.11256E-4,1.16827E+0,
1.11356E-4,1.32827E+0,
1.11456E-4,1.08827E+0,
1.11556E-4,1.32827E+0,
1.11656E-4,1.00827E+0,
1.11756E-4,1.32827E+0,
1.11856E-4,1.00827E+0,
1.11956E-4,1.24827E+0,
1.12056E-4,1.00827E+0,
1.12156E-4,1.16827E+0,
1.12256E-4,9.2827E-1,
1.12356E-4,1.24827E+0,
1.12456E-4,9.2827E-1,
1.12556E-4,1.16827E+0,
1.12656E-4,8.4827E-1,
1.12756E-4,1.16827E+0,
1.12856E-4,8.4827E-1,
1.12956E-4,1.08827E+0,
1.13057E-4,8.4827E-1,
1.13157E-4,1.08827E+0,
1.13257E-4,7.6827E-1,
1.13357E-4,1.08827E+0,
1.13457E-4,7.6827E-1,
1.13557E-4,1.00827E+0,
1.13657E-4,7.6827E-1,
1.13757E-4,1.00827E+0,
1.13857E-4,6.8827E-1,
1.13957E-4,9.2827E-1,
1.14057E-4,7.6827E-1,
1.14157E-4,9.2827E-1,
1.14257E-4,6.8827E-1,
1.14357E-4,9.2827E-1,
1.14457E-4,6.8827E-1,
1.14557E-4,9.2827E-1,
1.14657E-4,6.8827E-1,
1.14757E-4,9.2827E-1,
1.14857E-4,6.0827E-1,
1.14957E-4,8.4827E-1,
1.15058E-4,6.0827E-1,
1.15158E-4,8.4827E-1,
1.15258E-4,6.0827E-1,
1.15358E-4,8.4827E-1,
1.15458E-4,6.0827E-1,
1.15558E-4,7.6827E-1,
1.15658E-4,6.0827E-1,
1.15758E-4,7.6827E-1,
1.15858E-4,5.2827E-1,
1.15958E-4,7.6827E-1,
1.16058E-4,5.2827E-1,
1.16158E-4,7.6827E-1,
1.16258E-4,5.2827E-1,
1.16358E-4,7.6827E-1,
1.16458E-4,5.2827E-1,
1.16558E-4,7.6827E-1,
1.16658E-4,5.2827E-1,
1.16758E-4,6.8827E-1,
1.16858E-4,4.4827E-1,
1.16958E-4,7.6827E-1,
1.17059E-4,4.4827E-1,
1.17159E-4,6.8827E-1,
1.17259E-4,4.4827E-1,
1.17359E-4,6.8827E-1,
1.17459E-4,4.4827E-1,
1.17559E-4,6.8827E-1,
1.17659E-4,4.4827E-1,
1.17759E-4,6.8827E-1,
1.17859E-4,3.6827E-1,
1.17959E-4,6.8827E-1,
1.18059E-4,3.6827E-1,
1.18159E-4,6.0827E-1,
1.18259E-4,3.6827E-1,
1.18359E-4,6.0827E-1,
1.18459E-4,3.6827E-1,
1.18559E-4,6.0827E-1,
1.18659E-4,3.6827E-1,
1.18759E-4,6.0827E-1,
1.18859E-4,3.6827E-1,
1.18959E-4,6.0827E-1,
1.1906E-4,2.8827E-1,
1.1916E-4,5.2827E-1,
1.1926E-4,2.8827E-1,
1.1936E-4,5.2827E-1,
1.1946E-4,2.8827E-1,
1.1956E-4,5.2827E-1,
1.1966E-4,2.8827E-1,
1.1976E-4,5.2827E-1,
1.1986E-4,2.0827E-1,
1.1996E-4,5.2827E-1,
1.2006E-4,2.0827E-1,
1.2016E-4,5.2827E-1,
1.2026E-4,2.0827E-1,
1.2036E-4,4.4827E-1,
1.2046E-4,2.0827E-1,
1.2056E-4,4.4827E-1,
1.2066E-4,2.0827E-1,
1.2076E-4,4.4827E-1,
1.2086E-4,1.2827E-1,
1.2096E-4,4.4827E-1,
1.21061E-4,2.0827E-1,
1.21161E-4,4.4827E-1,
1.21261E-4,1.2827E-1,
1.21361E-4,4.4827E-1,
1.21461E-4,2.0827E-1,
1.21561E-4,3.6827E-1,
1.21661E-4,1.2827E-1,
1.21761E-4,3.6827E-1,
1.21861E-4,1.2827E-1,
1.21961E-4,3.6827E-1,
1.22061E-4,1.2827E-1,
1.22161E-4,3.6827E-1,
1.22261E-4,1.2827E-1,
1.22361E-4,3.6827E-1,
1.22461E-4,1.2827E-1,
1.22561E-4,3.6827E-1,
1.22661E-4,1.2827E-1,
1.22761E-4,3.6827E-1,
1.22861E-4,1.2827E-1,
1.22961E-4,3.6827E-1,
1.23062E-4,1.2827E-1,
1.23162E-4,3.6827E-1,
1.23262E-4,4.827E-2,
1.23362E-4,3.6827E-1,
1.23462E-4,4.827E-2,
1.23562E-4,2.8827E-1,
1.23662E-4,4.827E-2,
1.23762E-4,2.8827E-1,
1.23862E-4,4.827E-2,
1.23962E-4,2.8827E-1,
1.24062E-4,4.827E-2,
1.24162E-4,2.8827E-1,
1.24262E-4,4.827E-2,
1.24362E-4,2.8827E-1,
1.24462E-4,4.827E-2,
1.24562E-4,2.8827E-1,
1.24662E-4,4.827E-2,
1.24762E-4,2.8827E-1,
1.24862E-4,-3.173E-2,
1.24962E-4,2.8827E-1,
1.25063E-4,4.827E-2,
1.25163E-4,2.8827E-1,
1.25263E-4,4.827E-2,
1.25363E-4,2.8827E-1,
1.25463E-4,-3.173E-2,
1.25563E-4,2.0827E-1,
1.25663E-4,4.827E-2,
1.25763E-4,2.0827E-1,
1.25863E-4,-3.173E-2,
1.25963E-4,2.0827E-1,
1.26063E-4,-3.173E-2,
1.26163E-4,2.0827E-1,
1.26263E-4,4.827E-2,
1.26363E-4,2.8827E-1,
1.26463E-4,-3.173E-2,
1.26563E-4,2.0827E-1,
1.26663E-4,4.827E-2,
1.26763E-4,2.0827E-1,
1.26863E-4,-3.173E-2,
1.26963E-4,2.0827E-1,
1.27064E-4,-3.173E-2,
1.27164E-4,2.0827E-1,
1.27264E-4,-3.173E-2,
1.27364E-4,2.0827E-1,
1.27464E-4,-3.173E-2,
1.27564E-4,2.0827E-1,
1.27664E-4,-3.173E-2,
1.27764E-4,2.0827E-1,
1.27864E-4,-3.173E-2,
1.27964E-4,2.0827E-1,
1.28064E-4,-3.173E-2,
1.28164E-4,2.0827E-1,
1.28264E-4,-3.173E-2,
1.28364E-4,2.0827E-1,
1.28464E-4,-3.173E-2,
1.28564E-4,2.0827E-1,
1.28664E-4,-3.173E-2,
1.28764E-4,2.0827E-1,
1.28864E-4,-3.173E-2,
1.28964E-4,2.0827E-1,
1.29065E-4,-3.173E-2,
1.29165E-4,2.0827E-1,
1.29265E-4,-3.173E-2,
1.29365E-4,2.0827E-1,
1.29465E-4,-3.173E-2,
1.29565E-4,2.0827E-1,
1.29665E-4,-3.173E-2,
1.29765E-4,2.0827E-1,
1.29865E-4,-3.173E-2,
1.29965E-4,2.0827E-1,
1.30065E-4,-3.173E-2,
1.30165E-4,2.0827E-1,
1.30265E-4,-3.173E-2,
1.30365E-4,2.0827E-1,
1.30465E-4,-3.173E-2,
1.30565E-4,1.2827E-1,
1.30665E-4,-3.173E-2,
1.30765E-4,1.2827E-1,
1.30865E-4,-3.173E-2,
1.30965E-4,1.2827E-1,
1.31066E-4,-3.173E-2,
1.31166E-4,2.0827E-1,
1.31266E-4,-3.173E-2,
1.31366E-4,1.2827E-1,
1.31466E-4,-3.173E-2,
1.31566E-4,1.2827E-1,
1.31666E-4,-3.173E-2,
1.31766E-4,2.0827E-1,
1.31866E-4,-3.173E-2,
1.31966E-4,2.0827E-1,
1.32066E-4,-3.173E-2,
1.32166E-4,1.2827E-1,
1.32266E-4,-3.173E-2,
1.32366E-4,2.0827E-1,
1.32466E-4,-3.173E-2,
1.32566E-4,1.2827E-1,
1.32666E-4,-3.173E-2,
1.32766E-4,1.2827E-1,
1.32866E-4,-1.1173E-1,
1.32966E-4,1.2827E-1,
1.33067E-4,-3.173E-2,
1.33167E-4,1.2827E-1,
1.33267E-4,-3.173E-2,
1.33367E-4,1.2827E-1,
1.33467E-4,-3.173E-2,
1.33567E-4,1.2827E-1,
1.33667E-4,-1.1173E-1,
1.33767E-4,1.2827E-1,
1.33867E-4,-1.1173E-1,
1.33967E-4,1.2827E-1,
1.34067E-4,-3.173E-2,
1.34167E-4,1.2827E-1,
1.34267E-4,-3.173E-2,
1.34367E-4,1.2827E-1,
1.34467E-4,-3.173E-2,
1.34567E-4,1.2827E-1,
1.34667E-4,-1.1173E-1,
1.34767E-4,1.2827E-1,
1.34867E-4,-1.1173E-1,
1.34967E-4,1.2827E-1,
1.35068E-4,-1.1173E-1,
1.35168E-4,1.2827E-1,
1.35268E-4,-1.1173E-1,
1.35368E-4,1.2827E-1,
1.35468E-4,-1.1173E-1,
1.35568E-4,1.2827E-1,
1.35668E-4,-3.173E-2,
1.35768E-4,1.2827E-1,
1.35868E-4,-1.1173E-1,
1.35968E-4,1.2827E-1,
1.36068E-4,-1.1173E-1,
1.36168E-4,1.2827E-1,
1.36268E-4,-1.1173E-1,
1.36368E-4,1.2827E-1,
1.36468E-4,-1.1173E-1,
1.36568E-4,1.2827E-1,
1.36668E-4,-3.173E-2,
1.36768E-4,1.2827E-1,
1.36868E-4,-1.1173E-1,
1.36968E-4,1.2827E-1,
1.37069E-4,-1.1173E-1,
1.37169E-4,1.2827E-1,
1.37269E-4,-1.1173E-1,
1.37369E-4,1.2827E-1,
1.37469E-4,-1.1173E-1,
1.37569E-4,1.2827E-1,
1.37669E-4,-1.1173E-1,
1.37769E-4,1.2827E-1,
1.37869E-4,-1.1173E-1,
1.37969E-4,1.2827E-1,
1.38069E-4,-1.1173E-1,
1.38169E-4,1.2827E-1,
1.38269E-4,-1.1173E-1,
1.38369E-4,1.2827E-1,
1.38469E-4,-1.1173E-1,
1.38569E-4,1.2827E-1,
1.38669E-4,-1.1173E-1,
1.38769E-4,1.2827E-1,
1.38869E-4,-1.1173E-1,
1.38969E-4,1.2827E-1,
1.3907E-4,-1.1173E-1,
1.3917E-4,1.2827E-1,
1.3927E-4,-1.1173E-1,
1.3937E-4,1.2827E-1,
1.3947E-4,-1.1173E-1,
1.3957E-4,1.2827E-1,
1.3967E-4,-1.1173E-1,
1.3977E-4,1.2827E-1,
1.3987E-4,-1.1173E-1,
1.3997E-4,1.2827E-1,
1.4007E-4,-1.1173E-1,
1.4017E-4,1.2827E-1,
1.4027E-4,-1.1173E-1,
1.4037E-4,1.2827E-1,
1.4047E-4,-1.1173E-1,
1.4057E-4,1.2827E-1,
1.4067E-4,-1.1173E-1,
1.4077E-4,1.2827E-1,
1.4087E-4,-1.1173E-1,
1.4097E-4,1.2827E-1,
1.41071E-4,-1.1173E-1,
1.41171E-4,1.2827E-1,
1.41271E-4,-1.1173E-1,
1.41371E-4,1.2827E-1,
1.41471E-4,-1.1173E-1,
1.41571E-4,1.2827E-1,
1.41671E-4,-1.1173E-1,
1.41771E-4,1.2827E-1,
1.41871E-4,-1.1173E-1,
1.41971E-4,1.2827E-1,
1.42071E-4,-1.1173E-1,
1.42171E-4,1.2827E-1,
1.42271E-4,-1.1173E-1,
1.42371E-4,1.2827E-1,
1.42471E-4,-1.1173E-1,
1.42571E-4,1.2827E-1,
1.42671E-4,-1.1173E-1,
1.42771E-4,1.2827E-1,
1.42871E-4,-1.1173E-1,
1.42971E-4,1.2827E-1,
1.43072E-4,-1.1173E-1,
1.43172E-4,1.2827E-1,
1.43272E-4,-1.1173E-1,
1.43372E-4,1.2827E-1,
1.43472E-4,-1.1173E-1,
1.43572E-4,1.2827E-1,
1.43672E-4,-1.1173E-1,
1.43772E-4,1.2827E-1,
1.43872E-4,-1.1173E-1,
1.43972E-4,1.2827E-1,
1.44072E-4,-1.1173E-1,
1.44172E-4,1.2827E-1,
1.44272E-4,-1.1173E-1,
1.44372E-4,4.827E-2,
1.44472E-4,-1.1173E-1,
1.44572E-4,4.827E-2,
1.44672E-4,-1.1173E-1,
1.44772E-4,1.2827E-1,
1.44872E-4,-1.1173E-1,
1.44972E-4,4.827E-2,
1.45073E-4,-1.1173E-1,
1.45173E-4,1.2827E-1,
1.45273E-4,-1.1173E-1,
1.45373E-4,1.2827E-1,
1.45473E-4,-1.1173E-1,
1.45573E-4,1.2827E-1,
1.45673E-4,-1.1173E-1,
1.45773E-4,1.2827E-1,
1.45873E-4,-1.1173E-1,
1.45973E-4,1.2827E-1,
1.46073E-4,-1.1173E-1,
1.46173E-4,1.2827E-1,
1.46273E-4,-1.1173E-1,
1.46373E-4,1.2827E-1,
1.46473E-4,-1.1173E-1,
1.46573E-4,1.2827E-1,
1.46673E-4,-1.1173E-1,
1.46773E-4,1.2827E-1,
1.46873E-4,-1.1173E-1,
1.46973E-4,1.2827E-1,
1.47074E-4,-1.1173E-1,
1.47174E-4,1.2827E-1,
1.47274E-4,-1.1173E-1,
1.47374E-4,1.2827E-1,
1.47474E-4,-1.1173E-1,
1.47574E-4,1.2827E-1,
1.47674E-4,-1.1173E-1,
1.47774E-4,1.2827E-1,
1.47874E-4,-1.1173E-1,
1.47974E-4,1.2827E-1,
1.48074E-4,-1.1173E-1,
1.48174E-4,1.2827E-1,
1.48274E-4,-1.1173E-1,
1.48374E-4,1.2827E-1,
1.48474E-4,-1.1173E-1,
1.48574E-4,1.2827E-1,
1.48674E-4,-1.1173E-1,
1.48774E-4,1.2827E-1,
1.48874E-4,-1.1173E-1,
1.48974E-4,1.2827E-1,
1.49075E-4,-1.1173E-1,
1.49175E-4,1.2827E-1,
1.49275E-4,-1.1173E-1,
1.49375E-4,1.2827E-1,
1.49475E-4,-1.1173E-1,
1.49575E-4,1.2827E-1,
1.49675E-4,-1.1173E-1,
1.49775E-4,1.2827E-1,
1.49875E-4,-1.1173E-1,
1.49975E-4,1.2827E-1,
1.50075E-4,-1.1173E-1,
1.50175E-4,4.827E-2,
1.50275E-4,-1.1173E-1,
1.50375E-4,1.2827E-1,
1.50475E-4,-1.1173E-1,
1.50575E-4,1.2827E-1,
1.50675E-4,-1.1173E-1,
1.50775E-4,1.2827E-1,
1.50875E-4,-1.1173E-1,
1.50975E-4,1.2827E-1,
1.51076E-4,-1.1173E-1,
1.51176E-4,1.2827E-1,
1.51276E-4,-1.1173E-1,
1.51376E-4,1.2827E-1,
1.51476E-4,-1.1173E-1,
1.51576E-4,1.2827E-1,
1.51676E-4,-1.1173E-1,
1.51776E-4,1.2827E-1,
1.51876E-4,-1.1173E-1,
1.51976E-4,1.2827E-1,
1.52076E-4,-1.1173E-1,
1.52176E-4,1.2827E-1,
1.52276E-4,-1.1173E-1,
1.52376E-4,4.827E-2,
1.52476E-4,-1.1173E-1,
1.52576E-4,1.2827E-1,
1.52676E-4,-1.1173E-1,
1.52776E-4,1.2827E-1,
1.52876E-4,-1.1173E-1,
1.52976E-4,4.827E-2,
1.53077E-4,-1.1173E-1,
1.53177E-4,1.2827E-1,
1.53277E-4,-1.1173E-1,
1.53377E-4,1.2827E-1,
1.53477E-4,-1.1173E-1,
1.53577E-4,1.2827E-1,
1.53677E-4,-1.1173E-1,
1.53777E-4,1.2827E-1,
1.53877E-4,-1.1173E-1,
1.53977E-4,1.2827E-1,
1.54077E-4,-1.1173E-1,
1.54177E-4,1.2827E-1,
1.54277E-4,-1.1173E-1,
1.54377E-4,1.2827E-1,
1.54477E-4,-1.1173E-1,
1.54577E-4,1.2827E-1,
1.54677E-4,-1.1173E-1,
1.54777E-4,1.2827E-1,
1.54877E-4,-1.1173E-1,
1.54977E-4,4.827E-2,
1.55078E-4,-1.1173E-1,
1.55178E-4,4.827E-2,
1.55278E-4,-1.1173E-1,
1.55378E-4,4.827E-2,
1.55478E-4,-1.1173E-1,
1.55578E-4,4.827E-2,
1.55678E-4,-1.1173E-1,
1.55778E-4,1.2827E-1,
1.55878E-4,-1.1173E-1,
1.55978E-4,4.827E-2,
1.56078E-4,-1.1173E-1,
1.56178E-4,4.827E-2,
1.56278E-4,-1.1173E-1,
1.56378E-4,1.2827E-1,
1.56478E-4,-1.1173E-1,
1.56578E-4,4.827E-2,
1.56678E-4,-1.1173E-1,
1.56778E-4,1.2827E-1,
1.56878E-4,-1.9173E-1,
1.56978E-4,1.2827E-1,
1.57079E-4,-1.1173E-1,
1.57179E-4,4.827E-2,
1.57279E-4,-1.1173E-1,
1.57379E-4,4.827E-2,
1.57479E-4,-1.9173E-1,
1.57579E-4,4.827E-2,
1.57679E-4,-1.9173E-1,
1.57779E-4,1.2827E-1,
1.57879E-4,-1.1173E-1,
1.57979E-4,1.2827E-1,
1.58079E-4,-1.1173E-1,
1.58179E-4,1.2827E-1,
1.58279E-4,-1.1173E-1,
1.58379E-4,1.2827E-1,
1.58479E-4,-1.1173E-1,
1.58579E-4,4.827E-2,
1.58679E-4,-1.1173E-1,
1.58779E-4,1.2827E-1,
1.58879E-4,-1.1173E-1,
1.58979E-4,4.827E-2,
1.5908E-4,-1.1173E-1,
1.5918E-4,4.827E-2,
1.5928E-4,-1.1173E-1,
1.5938E-4,1.2827E-1,
1.5948E-4,-1.1173E-1,
1.5958E-4,1.2827E-1,
1.5968E-4,-1.1173E-1,
1.5978E-4,4.827E-2,
1.5988E-4,-1.1173E-1,
1.5998E-4,1.2827E-1,
1.6008E-4,-1.1173E-1,
1.6018E-4,1.2827E-1,
1.6028E-4,-1.1173E-1,
1.6038E-4,4.827E-2,
1.6048E-4,-1.1173E-1,
1.6058E-4,4.827E-2,
1.6068E-4,-1.9173E-1,
1.6078E-4,4.827E-2,
1.6088E-4,-1.9173E-1,
1.6098E-4,4.827E-2,
1.61081E-4,-1.1173E-1,
1.61181E-4,4.827E-2,
1.61281E-4,-1.1173E-1,
1.61381E-4,4.827E-2,
1.61481E-4,-1.1173E-1,
1.61581E-4,1.2827E-1,
1.61681E-4,-1.1173E-1,
1.61781E-4,4.827E-2,
1.61881E-4,-1.1173E-1,
1.61981E-4,4.827E-2,
1.62081E-4,-1.1173E-1,
1.62181E-4,4.827E-2,
1.62281E-4,-1.9173E-1,
1.62381E-4,1.2827E-1,
1.62481E-4,-1.9173E-1,
1.62581E-4,4.827E-2,
1.62681E-4,-1.9173E-1,
1.62781E-4,4.827E-2,
1.62881E-4,-1.1173E-1,
1.62981E-4,4.827E-2,
1.63082E-4,-1.1173E-1,
1.63182E-4,4.827E-2,
1.63282E-4,-1.9173E-1,
1.63382E-4,4.827E-2,
1.63482E-4,-1.9173E-1,
1.63582E-4,4.827E-2,
1.63682E-4,-1.1173E-1,
1.63782E-4,4.827E-2,
1.63882E-4,-1.9173E-1,
1.63982E-4,4.827E-2,
1.64082E-4,-1.9173E-1,
1.64182E-4,4.827E-2,
1.64282E-4,-1.1173E-1,
1.64382E-4,4.827E-2,
1.64482E-4,-1.9173E-1,
1.64582E-4,4.827E-2,
1.64682E-4,-1.9173E-1,
1.64782E-4,4.827E-2,
1.64882E-4,-1.9173E-1,
1.64982E-4,1.2827E-1,
1.65083E-4,-1.9173E-1,
1.65183E-4,4.827E-2,
1.65283E-4,-1.9173E-1,
1.65383E-4,4.827E-2,
1.65483E-4,-1.1173E-1,
1.65583E-4,4.827E-2,
1.65683E-4,-1.9173E-1,
1.65783E-4,1.2827E-1,
1.65883E-4,-1.9173E-1,
1.65983E-4,4.827E-2,
1.66083E-4,-1.9173E-1,
1.66183E-4,4.827E-2,
1.66283E-4,-1.9173E-1,
1.66383E-4,4.827E-2,
1.66483E-4,-1.1173E-1,
1.66583E-4,1.2827E-1,
1.66683E-4,-1.1173E-1,
1.66783E-4,4.827E-2,
1.66883E-4,-1.1173E-1,
1.66983E-4,1.2827E-1,
1.67084E-4,-1.1173E-1,
1.67184E-4,1.2827E-1,
1.67284E-4,-1.9173E-1,
1.67384E-4,4.827E-2,
1.67484E-4,-1.1173E-1,
1.67584E-4,4.827E-2,
1.67684E-4,-1.9173E-1,
1.67784E-4,4.827E-2,
1.67884E-4,-1.9173E-1,
1.67984E-4,4.827E-2,
1.68084E-4,-1.9173E-1,
1.68184E-4,4.827E-2,
1.68284E-4,-1.1173E-1,
1.68384E-4,4.827E-2,
1.68484E-4,-1.9173E-1,
1.68584E-4,4.827E-2,
1.68684E-4,-1.1173E-1,
1.68784E-4,4.827E-2,
1.68884E-4,-1.1173E-1,
1.68984E-4,4.827E-2,
1.69085E-4,-1.1173E-1,
1.69185E-4,4.827E-2,
1.69285E-4,-1.9173E-1,
1.69385E-4,1.2827E-1,
1.69485E-4,-1.1173E-1,
1.69585E-4,1.2827E-1,
1.69685E-4,-1.9173E-1,
1.69785E-4,4.827E-2,
1.69885E-4,-1.1173E-1,
1.69985E-4,4.827E-2,
1.70085E-4,-1.1173E-1,
1.70185E-4,4.827E-2,
1.70285E-4,-1.9173E-1,
1.70385E-4,4.827E-2,
1.70485E-4,-1.1173E-1,
1.70585E-4,4.827E-2,
1.70685E-4,-1.9173E-1,
1.70785E-4,4.827E-2,
1.70885E-4,-1.9173E-1,
1.70985E-4,4.827E-2,
1.71086E-4,-1.9173E-1,
1.71186E-4,4.827E-2,
1.71286E-4,-1.9173E-1,
1.71386E-4,1.2827E-1,
1.71486E-4,-1.1173E-1,
1.71586E-4,4.827E-2,
1.71686E-4,-1.9173E-1,
1.71786E-4,4.827E-2,
1.71886E-4,-1.9173E-1,
1.71986E-4,4.827E-2,
1.72086E-4,-1.1173E-1,
1.72186E-4,4.827E-2,
1.72286E-4,-1.9173E-1,
1.72386E-4,1.2827E-1,
1.72486E-4,-1.9173E-1,
1.72586E-4,4.827E-2,
1.72686E-4,-1.9173E-1,
1.72786E-4,4.827E-2,
1.72886E-4,-1.9173E-1,
1.72986E-4,1.2827E-1,
1.73087E-4,-1.1173E-1,
1.73187E-4,4.827E-2,
1.73287E-4,-1.9173E-1,
1.73387E-4,4.827E-2,
1.73487E-4,-1.9173E-1,
1.73587E-4,4.827E-2,
1.73687E-4,-1.9173E-1,
1.73787E-4,4.827E-2,
1.73887E-4,-1.1173E-1,
1.73987E-4,4.827E-2,
1.74087E-4,-1.1173E-1,
1.74187E-4,4.827E-2,
1.74287E-4,-1.9173E-1,
1.74387E-4,4.827E-2,
1.74487E-4,-1.1173E-1,
1.74587E-4,4.827E-2,
1.74687E-4,-1.9173E-1,
1.74787E-4,4.827E-2,
1.74887E-4,-1.1173E-1,
1.74987E-4,1.2827E-1,
1.75088E-4,-1.9173E-1,
1.75188E-4,4.827E-2,
1.75288E-4,-1.1173E-1,
1.75388E-4,4.827E-2,
1.75488E-4,-1.9173E-1,
1.75588E-4,4.827E-2,
1.75688E-4,-1.9173E-1,
1.75788E-4,4.827E-2,
1.75888E-4,-1.9173E-1,
1.75988E-4,4.827E-2,
1.76088E-4,-1.1173E-1,
1.76188E-4,4.827E-2,
1.76288E-4,-1.1173E-1,
1.76388E-4,4.827E-2,
1.76488E-4,-1.1173E-1,
1.76588E-4,4.827E-2,
1.76688E-4,-1.9173E-1,
1.76788E-4,4.827E-2,
1.76888E-4,-1.9173E-1,
1.76988E-4,4.827E-2,
1.77089E-4,-1.9173E-1,
1.77189E-4,4.827E-2,
1.77289E-4,-1.9173E-1,
1.77389E-4,4.827E-2,
1.77489E-4,-1.1173E-1,
1.77589E-4,1.2827E-1,
1.77689E-4,-1.9173E-1,
1.77789E-4,4.827E-2,
1.77889E-4,-1.9173E-1,
1.77989E-4,4.827E-2,
1.78089E-4,-1.9173E-1,
1.78189E-4,4.827E-2,
1.78289E-4,-1.1173E-1,
1.78389E-4,4.827E-2,
1.78489E-4,-1.9173E-1,
1.78589E-4,4.827E-2,
1.78689E-4,-1.1173E-1,
1.78789E-4,1.2827E-1,
1.78889E-4,-1.9173E-1,
1.78989E-4,4.827E-2,
1.7909E-4,-1.9173E-1,
1.7919E-4,4.827E-2,
1.7929E-4,-1.1173E-1,
1.7939E-4,4.827E-2,
1.7949E-4,-1.9173E-1,
1.7959E-4,4.827E-2,
1.7969E-4,-1.9173E-1,
1.7979E-4,4.827E-2,
1.7989E-4,-1.9173E-1,
1.7999E-4,4.827E-2,
1.8009E-4,-1.9173E-1,
1.8019E-4,4.827E-2,
1.8029E-4,-1.1173E-1,
1.8039E-4,4.827E-2,
1.8049E-4,-1.9173E-1,
1.8059E-4,4.827E-2,
1.8069E-4,-1.9173E-1,
1.8079E-4,4.827E-2,
1.8089E-4,-1.9173E-1,
1.8099E-4,4.827E-2,
1.81091E-4,-1.9173E-1,
1.81191E-4,4.827E-2,
1.81291E-4,-1.9173E-1,
1.81391E-4,4.827E-2,
1.81491E-4,-1.1173E-1,
1.81591E-4,4.827E-2,
1.81691E-4,-1.9173E-1,
1.81791E-4,4.827E-2,
1.81891E-4,-1.9173E-1,
1.81991E-4,4.827E-2,
1.82091E-4,-1.9173E-1,
1.82191E-4,4.827E-2,
1.82291E-4,-1.9173E-1,
1.82391E-4,4.827E-2,
1.82491E-4,-1.1173E-1,
1.82591E-4,4.827E-2,
1.82691E-4,-1.9173E-1,
1.82791E-4,4.827E-2,
1.82891E-4,-1.9173E-1,
1.82991E-4,4.827E-2,
1.83092E-4,-1.1173E-1,
1.83192E-4,4.827E-2,
1.83292E-4,-1.9173E-1,
1.83392E-4,4.827E-2,
1.83492E-4,-1.9173E-1,
1.83592E-4,4.827E-2,
1.83692E-4,-1.9173E-1,
1.83792E-4,4.827E-2,
1.83892E-4,-1.9173E-1,
1.83992E-4,4.827E-2,
1.84092E-4,-1.9173E-1,
1.84192E-4,4.827E-2,
1.84292E-4,-1.9173E-1,
1.84392E-4,4.827E-2,
1.84492E-4,-1.9173E-1,
1.84592E-4,4.827E-2,
1.84692E-4,-1.9173E-1,
1.84792E-4,4.827E-2,
1.84892E-4,-1.1173E-1,
1.84992E-4,4.827E-2,
1.85093E-4,-1.9173E-1,
1.85193E-4,4.827E-2,
1.85293E-4,-1.1173E-1,
1.85393E-4,4.827E-2,
1.85493E-4,-1.9173E-1,
1.85593E-4,4.827E-2,
1.85693E-4,-1.9173E-1,
1.85793E-4,4.827E-2,
1.85893E-4,-1.9173E-1,
1.85993E-4,4.827E-2,
1.86093E-4,-1.9173E-1,
1.86193E-4,4.827E-2,
1.86293E-4,-1.1173E-1,
1.86393E-4,4.827E-2,
1.86493E-4,-1.9173E-1,
1.86593E-4,4.827E-2,
1.86693E-4,-1.9173E-1,
1.86793E-4,4.827E-2,
1.86893E-4,-1.9173E-1,
1.86993E-4,4.827E-2,
1.87094E-4,-1.9173E-1,
1.87194E-4,4.827E-2,
1.87294E-4,-1.9173E-1,
1.87394E-4,4.827E-2,
1.87494E-4,-1.9173E-1,
1.87594E-4,4.827E-2,
1.87694E-4,-1.9173E-1,
1.87794E-4,4.827E-2,
1.87894E-4,-1.1173E-1,
1.87994E-4,4.827E-2,
1.88094E-4,-1.9173E-1,
1.88194E-4,4.827E-2,
1.88294E-4,-1.1173E-1,
1.88394E-4,4.827E-2,
1.88494E-4,-1.9173E-1,
1.88594E-4,4.827E-2,
1.88694E-4,-1.9173E-1,
1.88794E-4,4.827E-2,
1.88894E-4,-1.9173E-1,
1.88994E-4,4.827E-2,
1.89095E-4,-1.9173E-1,
1.89195E-4,4.827E-2,
1.89295E-4,-1.1173E-1,
1.89395E-4,4.827E-2,
1.89495E-4,-1.9173E-1,
1.89595E-4,4.827E-2,
1.89695E-4,-1.9173E-1,
1.89795E-4,4.827E-2,
1.89895E-4,-1.1173E-1,
1.89995E-4,4.827E-2,
1.90095E-4,-1.1173E-1,
1.90195E-4,4.827E-2,
1.90295E-4,-1.9173E-1,
1.90395E-4,4.827E-2,
1.90495E-4,-1.9173E-1,
1.90595E-4,4.827E-2,
1.90695E-4,-1.9173E-1,
1.90795E-4,4.827E-2,
1.90895E-4,-1.9173E-1,
1.90995E-4,4.827E-2,
1.91096E-4,-1.9173E-1,
1.91196E-4,4.827E-2,
1.91296E-4,-1.9173E-1,
1.91396E-4,4.827E-2,
1.91496E-4,-1.9173E-1,
1.91596E-4,4.827E-2,
1.91696E-4,-1.9173E-1,
1.91796E-4,4.827E-2,
1.91896E-4,-1.9173E-1,
1.91996E-4,4.827E-2,
1.92096E-4,-1.9173E-1,
1.92196E-4,4.827E-2,
1.92296E-4,-1.9173E-1,
1.92396E-4,4.827E-2,
1.92496E-4,-1.1173E-1,
1.92596E-4,4.827E-2,
1.92696E-4,-1.9173E-1,
1.92796E-4,4.827E-2,
1.92896E-4,-1.9173E-1,
1.92996E-4,4.827E-2,
1.93097E-4,-1.9173E-1,
1.93197E-4,4.827E-2,
1.93297E-4,-1.9173E-1,
1.93397E-4,4.827E-2,
1.93497E-4,-1.9173E-1,
1.93597E-4,4.827E-2,
1.93697E-4,-1.9173E-1,
1.93797E-4,4.827E-2,
1.93897E-4,-1.9173E-1,
1.93997E-4,4.827E-2,
1.94097E-4,-1.9173E-1,
1.94197E-4,4.827E-2,
1.94297E-4,-1.9173E-1,
1.94397E-4,4.827E-2,
1.94497E-4,-1.1173E-1,
1.94597E-4,4.827E-2,
1.94697E-4,-1.9173E-1,
1.94797E-4,4.827E-2,
1.94897E-4,-1.9173E-1,
1.94997E-4,4.827E-2,
1.95098E-4,-1.9173E-1,
1.95198E-4,4.827E-2,
1.95298E-4,-1.9173E-1,
1.95398E-4,4.827E-2,
1.95498E-4,-1.9173E-1,
1.95598E-4,4.827E-2,
1.95698E-4,-1.1173E-1,
1.95798E-4,4.827E-2,
1.95898E-4,-1.9173E-1,
1.95998E-4,4.827E-2,
1.96098E-4,-1.1173E-1,
1.96198E-4,4.827E-2,
1.96298E-4,-1.9173E-1,
1.96398E-4,4.827E-2,
1.96498E-4,-1.9173E-1,
1.96598E-4,4.827E-2,
1.96698E-4,-1.9173E-1,
1.96798E-4,4.827E-2,
1.96898E-4,-1.9173E-1,
1.96998E-4,4.827E-2,
1.97099E-4,-1.9173E-1,
1.97199E-4,1.2827E-1,
1.97299E-4,-1.9173E-1,
1.97399E-4,4.827E-2,
1.97499E-4,-1.9173E-1,
1.97599E-4,4.827E-2,
1.97699E-4,-1.9173E-1,
1.97799E-4,4.827E-2,
1.97899E-4,-1.9173E-1,
1.97999E-4,4.827E-2,
1.98099E-4,-1.9173E-1,
1.98199E-4,4.827E-2,
1.98299E-4,-1.9173E-1,
1.98399E-4,4.827E-2,
1.98499E-4,-1.9173E-1,
1.98599E-4,4.827E-2,
1.98699E-4,-1.9173E-1,
1.98799E-4,4.827E-2,
1.98899E-4,-1.9173E-1,
1.98999E-4,4.827E-2,
1.991E-4,-1.9173E-1,
1.992E-4,4.827E-2,
1.993E-4,-1.9173E-1,
1.994E-4,4.827E-2,
1.995E-4,-1.9173E-1,
1.996E-4,4.827E-2,
1.997E-4,-1.9173E-1,
1.998E-4,4.827E-2,
1.999E-4,-1.9173E-1,
2.E-4,4.827E-2,
